{"accuracy": 0.999, "_timestamp": 1688779096.904215, "_runtime": 3.550274133682251, "_step": 0, "_wandb": {"runtime": 3}}